Recorder,node/Below Donnells outflow/outflow,node/Donnells PH/flow,node/Donnells PH/water demand,node/Donnells Reservoir/observed storage,node/Donnells Reservoir/storage,node/STANI-N-INS1/flow,node/STANI-N-INS1/requirement,node/STN_1 Headflow/outflow,node/STN_1 Headflow/runoff,node/USGS_11292610/flow,node/USGS_11292610/observed flow
10/1/2009,1.712448,1.712448,1.712448,66.8422812,65.30381104,0,0.05,0.016259045,0.016259045,1.712448,0
10/2/2009,1.712448,1.712448,1.712448,66.2502108,63.60761479,0,0.05,0.016251742,0.016251742,1.712448,0
10/3/2009,1.712448,1.712448,1.712448,65.6581404,61.91927234,0,0.05,0.024105555,0.024105555,1.712448,0
10/4/2009,1.712448,1.712448,1.712448,65.1030744,60.23163098,0,0.05,0.024806635,0.024806635,1.712448,0
10/5/2009,1.712448,1.712448,1.712448,64.5356736,58.53574168,0,0.05,0.016558704,0.016558704,1.712448,0
10/6/2009,1.712448,1.712448,1.712448,63.9682728,56.83952219,0,0.05,0.016228507,0.016228507,1.712448,0
10/7/2009,1.712448,1.712448,1.712448,63.4132068,55.14329729,0,0.05,0.016223104,0.016223104,1.712448,0
10/8/2009,1.712448,1.712448,1.712448,62.845806,53.447067,0,0.05,0.016217705,0.016217705,1.712448,0
10/9/2009,1.712448,1.712448,1.712448,62.2784052,51.75083091,0,0.05,0.016211917,0.016211917,1.712448,0
10/10/2009,1.712448,1.712448,1.712448,61.7233392,50.05458843,0,0.05,0.016205513,0.016205513,1.712448,0
10/11/2009,1.712448,1.712448,1.712448,61.1559384,48.35833944,0,0.05,0.016199009,0.016199009,1.712448,0
10/12/2009,1.712448,1.712448,1.712448,60.5885376,46.75711547,0,0.05,0.111224032,0.111224032,1.712448,0
10/13/2009,1.712448,1.712448,1.712448,60.3665112,47.18308303,0,0.05,2.138415559,2.138415559,1.712448,0
10/14/2009,1.712448,1.712448,1.712448,61.0695948,48.20479284,0,0.05,2.734157811,2.734157811,1.712448,0
10/15/2009,1.712448,1.712448,1.712448,60.8228988,46.76992165,0,0.05,0.277576809,0.277576809,1.712448,0
10/16/2009,1.712448,1.712448,1.712448,60.5268636,45.46979785,0,0.05,0.412324202,0.412324202,1.712448,0
10/17/2009,1.712448,1.712448,1.712448,60.1814892,44.23802573,0,0.05,0.480675883,0.480675883,1.712448,0
10/18/2009,1.712448,1.712448,1.712448,59.82378,43.01691351,0,0.05,0.491335779,0.491335779,1.712448,0
10/19/2009,1.712448,1.712448,1.712448,59.5277448,41.54521719,0,0.05,0.240751684,0.240751684,1.712448,0
10/20/2009,1.712448,1.712448,1.712448,59.0713572,39.89688246,0,0.05,0.064113263,0.064113263,1.712448,0
10/21/2009,1.712448,1.712448,1.712448,58.5039564,38.22908631,0,0.05,0.044651855,0.044651855,1.712448,0
10/22/2009,1.712448,1.712448,1.712448,57.911886,36.58612989,0,0.05,0.069491582,0.069491582,1.712448,0
10/23/2009,1.712448,1.712448,1.712448,57.3074808,34.93898879,0,0.05,0.065306893,0.065306893,1.712448,0
10/24/2009,1.712448,1.712448,1.712448,56.7030756,33.29242947,0,0.05,0.065888685,0.065888685,1.712448,0
10/25/2009,1.712448,1.712448,1.712448,56.0740008,31.63886859,0,0.05,0.058887114,0.058887114,1.712448,0
10/26/2009,1.712448,1.712448,1.712448,55.444926,29.98502915,0,0.05,0.058608566,0.058608566,1.712448,0
10/27/2009,1.712448,1.712448,1.712448,54.828186,28.3361627,0,0.05,0.063581544,0.063581544,1.712448,0
10/28/2009,1.712448,1.712448,1.712448,54.1621068,26.64823178,0,0.05,0.024517082,0.024517082,1.712448,0
10/29/2009,1.712448,1.712448,1.712448,53.533032,24.96041962,0,0.05,0.024635843,0.024635843,1.712448,0
10/30/2009,1.712448,1.712448,1.712448,52.9039572,23.27364419,0,0.05,0.025672573,0.025672573,1.712448,0
10/31/2009,1.712448,1.712448,1.712448,52.2872172,21.61043207,0,0.05,0.049235875,0.049235875,1.712448,0
11/1/2009,1.712448,1.712448,1.712448,51.6334728,19.96199886,0,0.05,0.06401479,0.06401479,1.712448,0
11/2/2009,1.712448,1.712448,1.712448,51.0167328,18.30283366,0,0.05,0.053282798,0.053282798,1.712448,0
11/3/2009,1.712448,1.712448,1.712448,50.387658,16.62177284,0,0.05,0.031387183,0.031387183,1.712448,0
11/4/2009,1.712448,1.712448,1.712448,49.7585832,14.93400902,0,0.05,0.024684183,0.024684183,1.712448,0
11/5/2009,1.712448,1.712448,1.712448,49.1295084,13.246186,0,0.05,0.024624975,0.024624975,1.712448,0
11/6/2009,1.712448,1.712448,1.712448,48.5127684,11.55843272,0,0.05,0.024694719,0.024694719,1.712448,0
11/7/2009,1.712448,1.712448,1.712448,47.8836936,9.870736196,0,0.05,0.02475148,0.02475148,1.712448,0
11/8/2009,1.712448,1.712448,1.712448,47.2546188,8.182915782,0,0.05,0.024627586,0.024627586,1.712448,0
11/9/2009,1.712448,1.712448,1.712448,46.625544,6.495117791,0,0.05,0.024650009,0.024650009,1.712448,0
11/10/2009,0.319781278,0.319781278,1.712448,46.008804,6.2,0,0.05,0.024663487,0.024663487,0.319781278,0
11/11/2009,0.124737065,0.124737065,1.712448,45.392064,6.2,0,0.05,0.124737065,0.124737065,0.124737065,0
11/12/2009,0.132239797,0.132239797,1.712448,44.7999936,6.2,0,0.05,0.132239797,0.132239797,0.132239797,0
11/13/2009,0.031777467,0.031777467,1.712448,44.1832536,6.2,0,0.05,0.031777467,0.031777467,0.031777467,0
11/14/2009,0.029280695,0.029280695,1.712448,43.5788484,6.2,0,0.05,0.029280695,0.029280695,0.029280695,0
11/15/2009,0.026510958,0.026510958,1.712448,42.9744432,6.2,0,0.05,0.026510958,0.026510958,0.026510958,0
11/16/2009,0.027685059,0.027685059,1.712448,42.370038,6.2,0,0.05,0.027685059,0.027685059,0.027685059,0
11/17/2009,0.035930039,0.035930039,1.712448,41.7656328,6.2,0,0.05,0.035930039,0.035930039,0.035930039,0
11/18/2009,0.033951209,0.033951209,1.712448,41.1735624,6.2,0,0.05,0.033951209,0.033951209,0.033951209,0
11/19/2009,0.029298064,0.029298064,1.712448,40.5691572,6.2,0,0.05,0.029298064,0.029298064,0.029298064,0
11/20/2009,0.089652897,0.089652897,1.712448,39.9894216,6.2,0,0.05,0.089652897,0.089652897,0.089652897,0
11/21/2009,0.059851368,0.059851368,1.712448,39.4220208,6.2,0,0.05,0.059851368,0.059851368,0.059851368,0
11/22/2009,0.030529797,0.030529797,1.712448,38.8422852,6.2,0,0.05,0.030529797,0.030529797,0.030529797,0
11/23/2009,0.026732269,0.026732269,1.712448,38.2502148,6.2,0,0.05,0.026732269,0.026732269,0.026732269,0
11/24/2009,0.027684884,0.027684884,1.712448,37.6581444,6.2,0,0.05,0.027684884,0.027684884,0.027684884,0
11/25/2009,0.035178648,0.035178648,1.712448,37.0907436,6.2,0,0.05,0.035178648,0.035178648,0.035178648,0
11/26/2009,0.033756542,0.033756542,1.712448,36.511008,6.2,0,0.05,0.033756542,0.033756542,0.033756542,0
11/27/2009,0.114808993,0.114808993,1.712448,35.9436072,6.2,0,0.05,0.114808993,0.114808993,0.114808993,0
11/28/2009,0.046148958,0.046148958,1.712448,35.3885412,6.2,0,0.05,0.046148958,0.046148958,0.046148958,0
11/29/2009,0.026981553,0.026981553,1.712448,34.8211404,6.2,0,0.05,0.026981553,0.026981553,0.026981553,0
11/30/2009,0.026173827,0.026173827,1.712448,34.2660744,6.2,0,0.05,0.026173827,0.026173827,0.026173827,0
12/1/2009,0.028773898,0.028773898,1.712448,33.7110084,6.2,0,0.05,0.028773898,0.028773898,0.028773898,0
12/2/2009,0.027796577,0.027796577,1.712448,33.180612,6.2,0,0.05,0.027796577,0.027796577,0.027796577,0
12/3/2009,0.029028117,0.029028117,1.712448,32.6625504,6.2,0,0.05,0.029028117,0.029028117,0.029028117,0
12/4/2009,0.026974062,0.026974062,1.712448,32.132154,6.2,0,0.05,0.026974062,0.026974062,0.026974062,0
12/5/2009,0.028824227,0.028824227,1.712448,31.6017576,6.2,0,0.05,0.028824227,0.028824227,0.028824227,0
12/6/2009,0.048357085,0.048357085,1.712448,31.083696,6.2,0,0.05,0.048357085,0.048357085,0.048357085,0
12/7/2009,0.025430622,0.025430622,1.712448,30.6026388,6.2,0,0.05,0.025430622,0.025430622,0.025430622,0
12/8/2009,0.025466555,0.025466555,1.712448,30.0599076,6.2,0,0.05,0.025466555,0.025466555,0.025466555,0
12/9/2009,0.025501566,0.025501566,1.712448,29.5295112,6.2,0,0.05,0.025501566,0.025501566,0.025501566,0
12/10/2009,0.025535522,0.025535522,1.712448,29.048454,6.2,0,0.05,0.025535522,0.025535522,0.025535522,0
12/11/2009,0.031465884,0.031465884,1.712448,28.6290708,6.2,0,0.05,0.031465884,0.031465884,0.031465884,0
12/12/2009,0.104895659,0.104895659,1.712448,28.246692,6.2,0,0.05,0.104895659,0.104895659,0.104895659,0
12/13/2009,0.033233947,0.033233947,1.712448,27.8273088,6.2,0,0.05,0.033233947,0.033233947,0.033233947,0
12/14/2009,0.025700705,0.025700705,1.712448,27.3709212,6.2,0,0.05,0.025700705,0.025700705,0.025700705,0
12/15/2009,0.025753128,0.025753128,1.712448,26.9021988,6.2,0,0.05,0.025753128,0.025753128,0.025753128,0
12/16/2009,0.025799846,0.025799846,1.712448,26.4211416,6.2,0,0.05,0.025799846,0.025799846,0.025799846,0
12/17/2009,0.025841957,0.025841957,1.712448,25.9400844,6.2,0,0.05,0.025841957,0.025841957,0.025841957,0
12/18/2009,0.02588044,0.02588044,1.712448,25.471362,6.2,0,0.05,0.02588044,0.02588044,0.02588044,0
12/19/2009,0.025915981,0.025915981,1.712448,25.0026396,6.2,0,0.05,0.025915981,0.025915981,0.025915981,0
12/20/2009,0.025993699,0.025993699,1.712448,24.5339172,6.2,0,0.05,0.025993699,0.025993699,0.025993699,0
12/21/2009,0.028330681,0.028330681,1.712448,24.1392036,6.2,0,0.05,0.028330681,0.028330681,0.028330681,0
12/22/2009,0.026009319,0.026009319,1.712448,23.7074856,6.2,0,0.05,0.026009319,0.026009319,0.026009319,0
12/23/2009,0.026037109,0.026037109,1.712448,23.2387632,6.2,0,0.05,0.026037109,0.026037109,0.026037109,0
12/24/2009,0.026063517,0.026063517,1.712448,22.8070452,6.2,0,0.05,0.026063517,0.026063517,0.026063517,0
12/25/2009,0.026088636,0.026088636,1.712448,22.3506576,6.2,0,0.05,0.026088636,0.026088636,0.026088636,0
12/26/2009,0.02611256,0.02611256,1.712448,21.9066048,6.2,0,0.05,0.02611256,0.02611256,0.02611256,0
12/27/2009,0.026135381,0.026135381,1.712448,21.4872216,6.2,0,0.05,0.026135381,0.026135381,0.026135381,0
12/28/2009,0.02615718,0.02615718,1.712448,21.0431688,6.2,0,0.05,0.02615718,0.02615718,0.02615718,0
12/29/2009,0.026178032,0.026178032,1.712448,20.6114508,6.2,0,0.05,0.026178032,0.026178032,0.026178032,0
12/30/2009,0.026198001,0.026198001,1.712448,20.2044024,6.2,0,0.05,0.026198001,0.026198001,0.026198001,0
12/31/2009,0.026217146,0.026217146,1.712448,19.7726844,6.2,0,0.05,0.026217146,0.026217146,0.026217146,0
1/1/2010,0.026235522,0.026235522,1.712448,19.3533012,6.2,0,0.05,0.026235522,0.026235522,0.026235522,0
1/2/2010,0.026253174,0.026253174,1.712448,18.933918,6.2,0,0.05,0.026253174,0.026253174,0.026253174,0
1/3/2010,0.026270146,0.026270146,1.712448,18.5022,6.2,0,0.05,0.026270146,0.026270146,0.026270146,0
1/4/2010,0.026321192,0.026321192,1.712448,18.0951516,6.2,0,0.05,0.026321192,0.026321192,0.026321192,0
1/5/2010,0.026490356,0.026490356,1.712448,17.6757684,6.2,0,0.05,0.026490356,0.026490356,0.026490356,0
1/6/2010,0.026317354,0.026317354,1.712448,17.26872,6.2,0,0.05,0.026317354,0.026317354,0.026317354,0
1/7/2010,0.02633197,0.02633197,1.712448,16.8863412,6.2,0,0.05,0.02633197,0.02633197,0.02633197,0
1/8/2010,0.026346073,0.026346073,1.712448,16.528632,6.2,0,0.05,0.026346073,0.026346073,0.026346073,0
1/9/2010,0.033269359,0.033269359,1.712448,16.1955924,6.2,0,0.05,0.033269359,0.033269359,0.033269359,0
1/10/2010,0.035477129,0.035477129,1.712448,15.911892,6.2,0,0.05,0.035477129,0.035477129,0.035477129,0
1/11/2010,0.045215902,0.045215902,1.712448,15.603522,6.2,0,0.05,0.045215902,0.045215902,0.045215902,0
1/12/2010,0.16730045,0.16730045,1.712448,15.3321564,6.2,0,0.05,0.16730045,0.16730045,0.16730045,0
1/13/2010,0.041103325,0.041103325,1.712448,15.1841388,6.2,0,0.05,0.041103325,0.041103325,0.041103325,0
1/14/2010,0.02657207,0.02657207,1.712448,14.9127732,6.2,0,0.05,0.02657207,0.02657207,0.02657207,0
1/15/2010,0.026621045,0.026621045,1.712448,14.6290728,6.2,0,0.05,0.026621045,0.026621045,0.026621045,0
1/16/2010,0.027040327,0.027040327,1.712448,14.3330376,6.2,0,0.05,0.027040327,0.027040327,0.027040327,0
1/17/2010,0.04433452,0.04433452,1.712448,14.0493372,6.2,0,0.05,0.04433452,0.04433452,0.04433452,0
1/18/2010,0.044978462,0.044978462,1.712448,13.814976,6.2,0,0.05,0.044978462,0.044978462,0.044978462,0
1/19/2010,0.027233433,0.027233433,1.712448,13.5312756,6.2,0,0.05,0.027233433,0.027233433,0.027233433,0
1/20/2010,0.026787509,0.026787509,1.712448,13.2722448,6.2,0,0.05,0.026787509,0.026787509,0.026787509,0
1/21/2010,0.026815585,0.026815585,1.712448,12.9638748,6.2,0,0.05,0.026815585,0.026815585,0.026815585,0
1/22/2010,0.026839553,0.026839553,1.712448,12.704844,6.2,0,0.05,0.026839553,0.026839553,0.026839553,0
1/23/2010,0.026860667,0.026860667,1.712448,12.396474,6.2,0,0.05,0.026860667,0.026860667,0.026860667,0
1/24/2010,0.026879673,0.026879673,1.712448,12.09303792,6.2,0,0.05,0.026879673,0.026879673,0.026879673,0
1/25/2010,0.026897041,0.026897041,1.712448,11.81180448,6.2,0,0.05,0.026897041,0.026897041,0.026897041,0
1/26/2010,0.026913083,0.026913083,1.712448,11.54043888,6.2,0,0.05,0.026913083,0.026913083,0.026913083,0
1/27/2010,0.02692802,0.02692802,1.712448,11.26413936,6.2,0,0.05,0.02692802,0.02692802,0.02692802,0
1/28/2010,0.026942012,0.026942012,1.712448,10.98167244,6.2,0,0.05,0.026942012,0.026942012,0.026942012,0
1/29/2010,0.026955182,0.026955182,1.712448,10.7066064,6.2,0,0.05,0.026955182,0.026955182,0.026955182,0
1/30/2010,0.026967626,0.026967626,1.712448,10.42783992,6.2,0,0.05,0.026967626,0.026967626,0.026967626,0
1/31/2010,0.026979422,0.026979422,1.712448,10.14043908,6.2,0,0.05,0.026979422,0.026979422,0.026979422,0
2/1/2010,0.026990631,0.026990631,1.712448,9.85303824,6.2,0,0.05,0.026990631,0.026990631,0.026990631,0
2/2/2010,0.027001305,0.027001305,1.712448,9.57920568,6.2,0,0.05,0.027001305,0.027001305,0.027001305,0
2/3/2010,0.027011489,0.027011489,1.712448,9.30784008,6.2,0,0.05,0.027011489,0.027011489,0.027011489,0
2/4/2010,0.027021219,0.027021219,1.712448,9.03647448,6.2,0,0.05,0.027021219,0.027021219,0.027021219,0
2/5/2010,0.027030529,0.027030529,1.712448,8.80581372,6.2,0,0.05,0.027030529,0.027030529,0.027030529,0
2/6/2010,0.027039446,0.027039446,1.712448,8.5911882,6.2,0,0.05,0.027039446,0.027039446,0.027039446,0
2/7/2010,0.027047994,0.027047994,1.712448,8.35312656,6.2,0,0.05,0.027047994,0.027047994,0.027047994,0
2/8/2010,0.027056197,0.027056197,1.712448,8.08422792,6.2,0,0.05,0.027056197,0.027056197,0.027056197,0
2/9/2010,0.027064073,0.027064073,1.712448,7.82889756,6.2,0,0.05,0.027064073,0.027064073,0.027064073,0
2/10/2010,0.02707164,0.02707164,1.712448,7.71171696,6.2,0,0.05,0.02707164,0.02707164,0.02707164,0
2/11/2010,0.027078915,0.027078915,1.712448,7.76228964,6.2,0,0.05,0.027078915,0.027078915,0.027078915,0
2/12/2010,0.027085911,0.027085911,1.712448,7.82889756,6.2,0,0.05,0.027085911,0.027085911,0.027085911,0
2/13/2010,0.027092642,0.027092642,1.712448,7.90537332,6.2,0,0.05,0.027092642,0.027092642,0.027092642,0
2/14/2010,0.02709912,0.02709912,1.712448,7.98554952,6.2,0,0.05,0.02709912,0.02709912,0.02709912,0
2/15/2010,0.036482423,0.036482423,1.712448,8.08792836,6.2,0,0.05,0.036482423,0.036482423,0.036482423,0
2/16/2010,0.063605384,0.063605384,1.712448,8.23471248,6.2,0,0.05,0.063605384,0.063605384,0.063605384,0
2/17/2010,0.092413268,0.092413268,1.712448,8.41110012,6.2,0,0.05,0.092413268,0.092413268,0.092413268,0
2/18/2010,0.119092926,0.119092926,1.712448,8.62079172,6.2,0,0.05,0.119092926,0.119092926,0.119092926,0
2/19/2010,0.084682565,0.084682565,1.712448,8.82431592,6.2,0,0.05,0.084682565,0.084682565,0.084682565,0
2/20/2010,0.05528046,0.05528046,1.712448,9.02413968,6.2,0,0.05,0.05528046,0.05528046,0.05528046,0
2/21/2010,0.027419528,0.027419528,1.712448,9.19312644,6.2,0,0.05,0.027419528,0.027419528,0.027419528,0
2/22/2010,0.02747334,0.02747334,1.712448,9.32264184,6.2,0,0.05,0.02747334,0.02747334,0.02747334,0
2/23/2010,0.043930025,0.043930025,1.712448,9.45709116,6.2,0,0.05,0.043930025,0.043930025,0.043930025,0
2/24/2010,0.029177448,0.029177448,1.712448,9.65938188,6.2,0,0.05,0.029177448,0.029177448,0.029177448,0
2/25/2010,0.027577858,0.027577858,1.712448,9.81603384,6.2,0,0.05,0.027577858,0.027577858,0.027577858,0
2/26/2010,0.150096433,0.150096433,1.712448,10.022025,6.2,0,0.05,0.150096433,0.150096433,0.150096433,0
2/27/2010,0.093710378,0.093710378,1.712448,10.2255492,6.2,0,0.05,0.093710378,0.093710378,0.093710378,0
2/28/2010,0.027771315,0.027771315,1.712448,10.39083552,6.2,0,0.05,0.027771315,0.027771315,0.027771315,0
3/1/2010,0.028162551,0.028162551,1.712448,10.54255356,6.2,0,0.05,0.028162551,0.028162551,0.028162551,0
3/2/2010,0.082123868,0.082123868,1.712448,10.72880904,6.2,0,0.05,0.082123868,0.082123868,0.082123868,0
3/3/2010,0.036532619,0.036532619,1.712448,10.91999844,6.2,0,0.05,0.036532619,0.036532619,0.036532619,0
3/4/2010,0.028013946,0.028013946,1.712448,11.05568124,6.2,0,0.05,0.028013946,0.028013946,0.028013946,0
3/5/2010,0.028060455,0.028060455,1.712448,11.16546096,6.2,0,0.05,0.028060455,0.028060455,0.028060455,0
3/6/2010,0.028097594,0.028097594,1.712448,11.286342,6.2,0,0.05,0.028097594,0.028097594,0.028097594,0
3/7/2010,0.028128308,0.028128308,1.712448,11.39488824,6.2,0,0.05,0.028128308,0.028128308,0.028128308,0
3/8/2010,0.028762705,0.028762705,1.712448,11.53180452,6.2,0,0.05,0.028762705,0.028762705,0.028762705,0
3/9/2010,0.028177214,0.028177214,1.712448,11.63418336,6.2,0,0.05,0.028177214,0.028177214,0.028177214,0
3/10/2010,0.028197357,0.028197357,1.712448,11.75136396,6.2,0,0.05,0.028197357,0.028197357,0.028197357,0
3/11/2010,0.028215384,0.028215384,1.712448,11.84387496,6.2,0,0.05,0.028215384,0.028215384,0.028215384,0
3/12/2010,0.048705163,0.048705163,1.712448,12.03383088,6.2,0,0.05,0.048705163,0.048705163,0.048705163,0
3/13/2010,0.032708821,0.032708821,1.712448,12.17814804,6.2,0,0.05,0.032708821,0.032708821,0.032708821,0
3/14/2010,0.028265955,0.028265955,1.712448,12.29286168,6.2,0,0.05,0.028265955,0.028265955,0.028265955,0
3/15/2010,0.039998672,0.039998672,1.712448,12.458148,6.2,0,0.05,0.039998672,0.039998672,0.039998672,0
3/16/2010,0.097830389,0.097830389,1.712448,12.704844,6.2,0,0.05,0.097830389,0.097830389,0.097830389,0
3/17/2010,0.21902858,0.21902858,1.712448,13.0378836,6.2,0,0.05,0.21902858,0.21902858,0.21902858,0
3/18/2010,0.275873216,0.275873216,1.712448,13.4942712,6.2,0,0.05,0.275873216,0.275873216,0.275873216,0
3/19/2010,0.206255641,0.206255641,1.712448,14.0246676,6.2,0,0.05,0.206255641,0.206255641,0.206255641,0
3/20/2010,0.458259039,0.458259039,1.712448,14.6414076,6.2,0,0.05,0.458259039,0.458259039,0.458259039,0
3/21/2010,0.622267419,0.622267419,1.712448,15.233478,6.2,0,0.05,0.622267419,0.622267419,0.622267419,0
3/22/2010,0.62199959,0.62199959,1.712448,15.7762092,6.2,0,0.05,0.62199959,0.62199959,0.62199959,0
3/23/2010,0.728462638,0.728462638,1.712448,16.4176188,6.2,0,0.05,0.728462638,0.728462638,0.728462638,0
3/24/2010,0.273134968,0.273134968,1.712448,17.1330372,6.2,0,0.05,0.273134968,0.273134968,0.273134968,0
3/25/2010,0.252908515,0.252908515,1.712448,17.8607904,6.2,0,0.05,0.252908515,0.252908515,0.252908515,0
3/26/2010,0.160006054,0.160006054,1.712448,18.4158564,6.2,0,0.05,0.160006054,0.160006054,0.160006054,0
3/27/2010,0.199733764,0.199733764,1.712448,18.9585876,6.2,0,0.05,0.199733764,0.199733764,0.199733764,0
3/28/2010,0.428755529,0.428755529,1.712448,19.6616712,6.2,0,0.05,0.428755529,0.428755529,0.428755529,0
3/29/2010,0.529650158,0.529650158,1.712448,20.5004376,6.2,0,0.05,0.529650158,0.529650158,0.529650158,0
3/30/2010,0.788425635,0.788425635,1.712448,21.5612304,6.2,0,0.05,0.788425635,0.788425635,0.788425635,0
3/31/2010,0.230216445,0.230216445,1.712448,22.3013184,6.2,0,0.05,0.230216445,0.230216445,0.230216445,0
4/1/2010,0.236664021,0.236664021,1.712448,22.8440496,6.2,0,0.05,0.236664021,0.236664021,0.236664021,0
4/2/2010,0.2288745,0.2288745,1.712448,23.3497764,6.2,0,0.05,0.2288745,0.2288745,0.2288745,0
4/3/2010,0.216761767,0.216761767,1.712448,23.7938292,6.2,0,0.05,0.216761767,0.216761767,0.216761767,0
4/4/2010,0.207996974,0.207996974,1.712448,24.1885428,6.2,0,0.05,0.207996974,0.207996974,0.207996974,0
4/5/2010,0.191959108,0.191959108,1.712448,24.5832564,6.2,0,0.05,0.191959108,0.191959108,0.191959108,0
4/6/2010,0.180847289,0.180847289,1.712448,24.916296,6.2,0,0.05,0.180847289,0.180847289,0.180847289,0
4/7/2010,0.170771178,0.170771178,1.712448,25.3233444,6.2,0,0.05,0.170771178,0.170771178,0.170771178,0
4/8/2010,0.171993299,0.171993299,1.712448,25.9894236,6.2,0,0.05,0.171993299,0.171993299,0.171993299,0
4/9/2010,0.313446362,0.313446362,1.712448,26.8035204,6.2,0,0.05,0.313446362,0.313446362,0.313446362,0
4/10/2010,0.41871083,0.41871083,1.712448,27.6669564,6.2,0,0.05,0.41871083,0.41871083,0.41871083,0
4/11/2010,0.437587353,0.437587353,1.712448,28.4440488,6.2,0,0.05,0.437587353,0.437587353,0.437587353,0
4/12/2010,0.214919038,0.214919038,1.712448,29.1224628,6.2,0,0.05,0.214919038,0.214919038,0.214919038,0
4/13/2010,0.224469438,0.224469438,1.712448,29.6898636,6.2,0,0.05,0.224469438,0.224469438,0.224469438,0
4/14/2010,0.222212691,0.222212691,1.712448,30.3066036,6.2,0,0.05,0.222212691,0.222212691,0.222212691,0
4/15/2010,0.24207178,0.24207178,1.712448,30.9480132,6.2,0,0.05,0.24207178,0.24207178,0.24207178,0
4/16/2010,0.489914861,0.489914861,1.712448,31.7744448,6.2,0,0.05,0.489914861,0.489914861,0.489914861,0
4/17/2010,0.763069038,0.763069038,1.712448,32.8352376,6.2,0,0.05,0.763069038,0.763069038,0.763069038,0
4/18/2010,1.17798573,1.17798573,1.712448,34.1797308,6.2,0,0.05,1.17798573,1.17798573,1.17798573,0
4/19/2010,1.163885339,1.163885339,1.712448,35.832594,6.2,0,0.05,1.163885339,1.163885339,1.163885339,0
4/20/2010,1.712448,1.712448,1.712448,37.9048404,6.206238064,0,0.05,1.718686064,1.718686064,1.712448,0
4/21/2010,0.500405852,0.500405852,1.712448,39.3356772,6.2,0,0.05,0.494167788,0.494167788,0.500405852,0
4/22/2010,0.508539404,0.508539404,1.712448,40.458144,6.2,0,0.05,0.508539404,0.508539404,0.508539404,0
4/23/2010,0.505563032,0.505563032,1.712448,41.5312716,6.2,0,0.05,0.505563032,0.505563032,0.505563032,0
4/24/2010,0.697349331,0.697349331,1.712448,42.9744432,6.2,0,0.05,0.697349331,0.697349331,0.697349331,0
4/25/2010,1.32264538,1.32264538,1.712448,44.9110068,6.2,0,0.05,1.32264538,1.32264538,1.32264538,0
4/26/2010,1.712448,1.712448,1.712448,47.2299492,6.518002422,0,0.05,2.030450422,2.030450422,1.712448,0
4/27/2010,1.712448,1.712448,1.712448,50.1286272,7.369371693,0,0.05,2.563817271,2.563817271,1.712448,0
4/28/2010,1.712448,1.712448,1.712448,52.4352348,6.538507084,0,0.05,0.881583392,0.881583392,1.712448,0
4/29/2010,1.149507764,1.149507764,1.712448,53.9894196,6.2,0,0.05,0.811000679,0.811000679,1.149507764,0
4/30/2010,0.80689779,0.80689779,1.712448,55.1858952,6.2,0,0.05,0.80689779,0.80689779,0.80689779,0
5/1/2010,0.812955978,0.812955978,1.712448,56.185014,6.2,0,0.05,0.812955978,0.812955978,0.812955978,0
5/2/2010,1.082689814,1.082689814,1.712448,57.0854544,6.2,0,0.05,1.082689814,1.082689814,1.082689814,0
5/3/2010,1.636318907,1.636318907,1.712448,58.9356744,6.2,0,0.05,1.636318907,1.636318907,1.636318907,0
5/4/2010,1.712448,1.712448,1.712448,61.797348,6.797366067,0,0.05,2.309814067,2.309814067,1.712448,0
5/5/2010,1.712448,1.712448,1.712448,64.9920612,7.472093363,0,0.05,2.387175296,2.387175296,1.712448,0
5/6/2010,1.712448,1.712448,1.712448,66.484572,7.653053842,0,0.05,1.893408478,1.893408478,1.712448,0
5/7/2010,1.712448,1.712448,1.712448,68.0017524,7.996896293,0,0.05,2.056290451,2.056290451,1.712448,0
5/8/2010,1.712448,1.712448,1.712448,69.8026332,8.38038986,0,0.05,2.095941567,2.095941567,1.712448,0
5/9/2010,1.712448,1.712448,1.712448,71.0731176,8.428131488,0,0.05,1.760189628,1.760189628,1.712448,0
5/10/2010,1.712448,1.712448,1.712448,71.1841308,8.290635799,0,0.05,1.574952311,1.574952311,1.712448,0
5/11/2010,1.712448,1.712448,1.712448,71.0361132,8.075573235,0,0.05,1.497385437,1.497385437,1.712448,0
5/12/2010,1.712448,1.712448,1.712448,70.9497696,7.827636581,0,0.05,1.464511346,1.464511346,1.712448,0
5/13/2010,1.712448,1.712448,1.712448,71.110122,7.634271014,0,0.05,1.519082433,1.519082433,1.712448,0
5/14/2010,1.712448,1.712448,1.712448,71.3814876,7.661824298,0,0.05,1.740001284,1.740001284,1.712448,0
5/15/2010,1.712448,1.712448,1.712448,71.85021,8.233949816,0,0.05,2.284573518,2.284573518,1.712448,0
5/16/2010,1.712448,1.712448,1.712448,72.281928,9.653436135,0,0.05,3.131934319,3.131934319,1.712448,0
5/17/2010,1.712448,1.712448,1.712448,72.2572584,12.13464151,0,0.05,4.193653374,4.193653374,1.712448,0
5/18/2010,1.712448,1.712448,1.712448,71.9982276,13.10151538,0,0.05,2.679321871,2.679321871,1.712448,0
5/19/2010,1.712448,1.712448,1.712448,72.096906,14.34183217,0,0.05,2.95276479,2.95276479,1.712448,0
5/20/2010,1.712448,1.712448,1.712448,72.6643068,16.15043871,0,0.05,3.521054539,3.521054539,1.712448,0
5/21/2010,1.712448,1.712448,1.712448,72.281928,17.50867176,0,0.05,3.070681048,3.070681048,1.712448,0
5/22/2010,1.712448,1.712448,1.712448,71.7762012,18.37048831,0,0.05,2.57426455,2.57426455,1.712448,0
5/23/2010,1.712448,1.712448,1.712448,71.4925008,19.17590287,0,0.05,2.517862568,2.517862568,1.712448,0
5/24/2010,1.712448,1.712448,1.712448,71.23347,19.91987124,0,0.05,2.456416365,2.456416365,1.712448,0
5/25/2010,1.712448,1.712448,1.712448,71.0731176,20.63494136,0,0.05,2.427518118,2.427518118,1.712448,0
5/26/2010,1.712448,1.712448,1.712448,71.1224568,21.72804789,0,0.05,2.805554534,2.805554534,1.712448,0
5/27/2010,1.712448,1.712448,1.712448,71.0731176,22.58675291,0,0.05,2.571153022,2.571153022,1.712448,0
5/28/2010,1.712448,1.712448,1.712448,71.0977872,23.1315677,0,0.05,2.257262788,2.257262788,1.712448,0
5/29/2010,1.712448,1.712448,1.712448,71.0237784,23.61190886,0,0.05,2.192789155,2.192789155,1.712448,0
5/30/2010,1.712448,1.712448,1.712448,71.4925008,24.63898023,0,0.05,2.739519371,2.739519371,1.712448,0
5/31/2010,1.712448,1.712448,1.712448,71.973558,26.72273675,0,0.05,3.796204521,3.796204521,1.712448,0
6/1/2010,1.712448,1.712448,1.712448,72.2695932,30.11646379,0,0.05,5.106175041,5.106175041,1.712448,0
6/2/2010,1.712448,1.712448,1.712448,72.6889764,34.48694628,0,0.05,6.082930492,6.082930492,1.712448,0
6/3/2010,1.712448,1.712448,1.712448,73.1823684,42.20110615,0,0.05,9.42660787,9.42660787,1.712448,0
6/4/2010,1.712448,1.712448,1.712448,74.3418396,52.3329178,0,0.05,11.84425965,11.84425965,1.712448,0
6/5/2010,1.712448,1.712448,1.712448,75.2669496,65.19553347,0,0.05,14.57506368,14.57506368,1.712448,0
6/6/2010,1.712448,1.712448,1.712448,75.5629848,79.4979575,0,0.05,16.01487203,16.01487203,1.712448,0
6/7/2010,15.09156756,1.712448,1.712448,75.4026324,79.83,13.37911956,0.05,15.42361006,15.42361006,15.09156756,0
6/8/2010,15.42466949,1.712448,1.712448,75.3902976,79.83,13.71222149,0.05,15.42466949,15.42466949,15.42466949,0
6/9/2010,14.97698788,1.712448,1.712448,75.1312668,79.83,13.26453988,0.05,14.97698788,14.97698788,14.97698788,0
6/10/2010,11.26171846,1.712448,1.712448,74.0951436,79.83,9.549270464,0.05,11.26171846,11.26171846,11.26171846,0
6/11/2010,9.820557482,1.712448,1.712448,73.1947032,79.83,8.108109482,0.05,9.820557482,9.820557482,9.820557482,0
6/12/2010,10.8293572,1.712448,1.712448,72.8246592,79.83,9.116909201,0.05,10.8293572,10.8293572,10.8293572,0
6/13/2010,11.1102223,1.712448,1.712448,72.7506504,79.83,9.397774303,0.05,11.1102223,11.1102223,11.1102223,0
6/14/2010,11.41427733,1.712448,1.712448,72.9726768,79.83,9.701829329,0.05,11.41427733,11.41427733,11.41427733,0
6/15/2010,9.86458554,1.712448,1.712448,73.2810468,79.83,8.15213754,0.05,9.86458554,9.86458554,9.86458554,0
6/16/2010,8.556216421,1.712448,1.712448,73.207038,79.83,6.843768421,0.05,8.556216421,8.556216421,8.556216421,0
6/17/2010,7.21004027,1.712448,1.712448,73.1576988,79.83,5.49759227,0.05,7.21004027,7.21004027,7.21004027,0
6/18/2010,7.878252752,1.712448,1.712448,73.5894168,79.83,6.165804752,0.05,7.878252752,7.878252752,7.878252752,0
6/19/2010,6.692738654,1.712448,1.712448,74.4281832,79.83,4.980290654,0.05,6.692738654,6.692738654,6.692738654,0
6/20/2010,5.722869288,1.712448,1.712448,75.2669496,79.83,4.010421288,0.05,5.722869288,5.722869288,5.722869288,0
6/21/2010,5.940438184,1.712448,1.712448,75.8713548,79.83,4.227990184,0.05,5.940438184,5.940438184,5.940438184,0
6/22/2010,6.086100804,1.712448,1.712448,76.4017512,79.83,4.373652804,0.05,6.086100804,6.086100804,6.086100804,0
6/23/2010,6.615242165,1.712448,1.712448,77.0678304,79.83,4.902794165,0.05,6.615242165,6.615242165,6.615242165,0
6/24/2010,5.855043166,1.712448,1.712448,77.3145264,79.83,4.142595166,0.05,5.855043166,5.855043166,5.855043166,0
6/25/2010,5.209443458,1.712448,1.712448,77.0184912,79.83,3.496995458,0.05,5.209443458,5.209443458,5.209443458,0
6/26/2010,5.064490811,1.712448,1.712448,76.969152,79.83,3.352042811,0.05,5.064490811,5.064490811,5.064490811,0
6/27/2010,5.656850336,1.712448,1.712448,77.277522,79.83,3.944402336,0.05,5.656850336,5.656850336,5.656850336,0
6/28/2010,5.536177906,1.712448,1.712448,77.6845704,79.83,3.823729906,0.05,5.536177906,5.536177906,5.536177906,0
6/29/2010,5.254727101,1.712448,1.712448,77.6845704,79.83,3.542279101,0.05,5.254727101,5.254727101,5.254727101,0
6/30/2010,4.458886845,1.712448,1.712448,77.6105616,79.83,2.746438845,0.05,4.458886845,4.458886845,4.458886845,0
7/1/2010,3.873525175,1.712448,1.712448,77.4995484,79.83,2.161077175,0.05,3.873525175,3.873525175,3.873525175,0
7/2/2010,3.735804836,1.712448,1.712448,77.4748788,79.83,2.023356836,0.05,3.735804836,3.735804836,3.735804836,0
7/3/2010,3.453442807,1.712448,1.712448,77.8202532,79.83,1.740994807,0.05,3.453442807,3.453442807,3.453442807,0
7/4/2010,3.225592279,1.712448,1.712448,78.3506496,79.83,1.513144279,0.05,3.225592279,3.225592279,3.225592279,0
7/5/2010,2.494515546,1.712448,1.712448,78.8563764,79.83,0.782067546,0.05,2.494515546,2.494515546,2.494515546,0
7/6/2010,2.36172691,1.712448,1.712448,78.9180504,79.83,0.64927891,0.05,2.36172691,2.36172691,2.36172691,0
7/7/2010,2.230635222,1.712448,1.712448,78.8933808,79.83,0.518187222,0.05,2.230635222,2.230635222,2.230635222,0
7/8/2010,1.733267442,1.712448,1.712448,78.8563764,79.83,0.020819442,0.05,1.733267442,1.733267442,1.733267442,0
7/9/2010,1.712448,1.712448,1.712448,78.8687112,79.7818104,0,0.05,1.664258401,1.664258401,1.712448,0
7/10/2010,1.712448,1.712448,1.712448,78.8440416,79.62385228,0,0.05,1.554489878,1.554489878,1.712448,0
7/11/2010,1.712448,1.712448,1.712448,78.7823676,79.39962061,0,0.05,1.48821633,1.48821633,1.712448,0
7/12/2010,1.712448,1.712448,1.712448,78.8070372,79.07550376,0,0.05,1.388331147,1.388331147,1.712448,0
7/13/2010,1.712448,1.712448,1.712448,78.7823676,78.4148134,0,0.05,1.05175764,1.05175764,1.712448,0
7/14/2010,1.712448,1.712448,1.712448,78.7206936,77.62256758,0,0.05,0.920202184,0.920202184,1.712448,0
7/15/2010,1.712448,1.712448,1.712448,78.6836892,76.64289645,0,0.05,0.732776869,0.732776869,1.712448,0
7/16/2010,1.712448,1.712448,1.712448,78.7700328,75.60894732,0,0.05,0.678498874,0.678498874,1.712448,0
7/17/2010,1.712448,1.712448,1.712448,78.7947024,74.38679458,0,0.05,0.490295259,0.490295259,1.712448,0
7/18/2010,1.712448,1.712448,1.712448,78.63435,73.07981749,0,0.05,0.405470908,0.405470908,1.712448,0
7/19/2010,1.712448,1.712448,1.712448,78.2273016,71.7191004,0,0.05,0.351730907,0.351730907,1.712448,0
7/20/2010,1.712448,1.712448,1.712448,77.462544,70.30850868,0,0.05,0.301856286,0.301856286,1.712448,0
7/21/2010,1.712448,1.712448,1.712448,76.9444824,68.85461372,0,0.05,0.258553038,0.258553038,1.712448,0
7/22/2010,1.712448,1.712448,1.712448,76.352412,67.36051838,0,0.05,0.218352661,0.218352661,1.712448,0
7/23/2010,1.712448,1.712448,1.712448,75.673998,65.83211588,0,0.05,0.184045495,0.184045495,1.712448,0
7/24/2010,1.712448,1.712448,1.712448,74.872236,64.27453306,0,0.05,0.154865179,0.154865179,1.712448,0
7/25/2010,1.712448,1.712448,1.712448,74.0951436,62.71244178,0,0.05,0.150356725,0.150356725,1.712448,0
7/26/2010,1.712448,1.712448,1.712448,73.2933816,61.112959,0,0.05,0.112965217,0.112965217,1.712448,0
7/27/2010,1.712448,1.712448,1.712448,72.3806064,59.49625684,0,0.05,0.095745847,0.095745847,1.712448,0
7/28/2010,1.712448,1.712448,1.712448,71.5541748,57.86679821,0,0.05,0.08298937,0.08298937,1.712448,0
7/29/2010,1.712448,1.712448,1.712448,70.740078,56.22743323,0,0.05,0.073083013,0.073083013,1.712448,0
7/30/2010,1.712448,1.712448,1.712448,69.8889768,54.58008999,0,0.05,0.065104765,0.065104765,1.712448,0
7/31/2010,1.712448,1.712448,1.712448,68.828184,52.9262714,0,0.05,0.058629407,0.058629407,1.712448,0
8/1/2010,1.712448,1.712448,1.712448,68.0510916,51.26737598,0,0.05,0.053552585,0.053552585,1.712448,0
8/2/2010,1.712448,1.712448,1.712448,67.0149684,49.60431886,0,0.05,0.049390879,0.049390879,1.712448,0
8/3/2010,1.712448,1.712448,1.712448,65.9788452,47.93768817,0,0.05,0.045817307,0.045817307,1.712448,0
8/4/2010,1.712448,1.712448,1.712448,64.7947044,46.26799147,0,0.05,0.042751302,0.042751302,1.712448,0
8/5/2010,1.712448,1.712448,1.712448,63.4132068,44.59574283,0,0.05,0.040199353,0.040199353,1.712448,0
8/6/2010,1.712448,1.712448,1.712448,62.29074,42.92145792,0,0.05,0.038163097,0.038163097,1.712448,0
8/7/2010,1.712448,1.712448,1.712448,61.0079208,41.24563852,0,0.05,0.036628601,0.036628601,1.712448,0
8/8/2010,1.712448,1.712448,1.712448,59.7251016,39.57545869,0,0.05,0.042268169,0.042268169,1.712448,0
8/9/2010,1.712448,1.712448,1.712448,58.6396392,37.89797234,0,0.05,0.034961644,0.034961644,1.712448,0
8/10/2010,1.712448,1.712448,1.712448,58.3559388,36.21952131,0,0.05,0.033996976,0.033996976,1.712448,0
8/11/2010,1.712448,1.712448,1.712448,57.7391988,34.54036467,0,0.05,0.033291359,0.033291359,1.712448,0
8/12/2010,1.712448,1.712448,1.712448,56.7154104,32.86061948,0,0.05,0.032702806,0.032702806,1.712448,0
8/13/2010,1.712448,1.712448,1.712448,55.7162916,31.18034735,0,0.05,0.032175877,0.032175877,1.712448,0
8/14/2010,1.712448,1.712448,1.712448,55.136556,29.49953486,0,0.05,0.031635507,0.031635507,1.712448,0
8/15/2010,1.712448,1.712448,1.712448,54.2361156,27.81816399,0,0.05,0.031077127,0.031077127,1.712448,0
8/16/2010,1.712448,1.712448,1.712448,53.0519748,26.1362185,0,0.05,0.030502511,0.030502511,1.712448,0
8/17/2010,1.712448,1.712448,1.712448,52.5215784,24.45367572,0,0.05,0.029905222,0.029905222,1.712448,0
8/18/2010,1.712448,1.712448,1.712448,51.7691556,22.77051954,0,0.05,0.029291821,0.029291821,1.712448,0
8/19/2010,1.712448,1.712448,1.712448,51.2140896,21.08677917,0,0.05,0.028707632,0.028707632,1.712448,0
8/20/2010,1.712448,1.712448,1.712448,50.9057196,19.40249003,0,0.05,0.02815886,0.02815886,1.712448,0
8/21/2010,1.712448,1.712448,1.712448,50.7453672,17.71769184,0,0.05,0.027649808,0.027649808,1.712448,0
8/22/2010,1.712448,1.712448,1.712448,50.634354,16.03245605,0,0.05,0.027212207,0.027212207,1.712448,0
8/23/2010,1.712448,1.712448,1.712448,50.1286272,14.34681562,0,0.05,0.026807576,0.026807576,1.712448,0
8/24/2010,1.712448,1.712448,1.712448,49.4378784,12.66070949,0,0.05,0.026341861,0.026341861,1.712448,0
8/25/2010,1.712448,1.712448,1.712448,48.9938256,10.97403954,0,0.05,0.025778049,0.025778049,1.712448,0
8/26/2010,1.712448,1.712448,1.712448,48.8211384,9.286754473,0,0.05,0.025162938,0.025162938,1.712448,0
8/27/2010,1.712448,1.712448,1.712448,48.784134,7.598894274,0,0.05,0.024587801,0.024587801,1.712448,0
8/28/2010,1.423015003,1.423015003,1.712448,48.8088036,6.2,0,0.05,0.02412073,0.02412073,1.423015003,0
8/29/2010,0.023961537,0.023961537,1.712448,48.72246,6.2,0,0.05,0.023961537,0.023961537,0.023961537,0
8/30/2010,0.023740881,0.023740881,1.712448,48.537438,6.2,0,0.05,0.023740881,0.023740881,0.023740881,0
8/31/2010,0.023494948,0.023494948,1.712448,48.4634292,6.2,0,0.05,0.023494948,0.023494948,0.023494948,0
9/1/2010,0.02324121,0.02324121,1.712448,48.3894204,6.2,0,0.05,0.02324121,0.02324121,0.02324121,0
9/2/2010,0.022927435,0.022927435,1.712448,48.3154116,6.2,0,0.05,0.022927435,0.022927435,0.022927435,0
9/3/2010,0.02256173,0.02256173,1.712448,48.0193764,6.2,0,0.05,0.02256173,0.02256173,0.02256173,0
9/4/2010,0.022184221,0.022184221,1.712448,47.8220196,6.2,0,0.05,0.022184221,0.022184221,0.022184221,0
9/5/2010,0.02183067,0.02183067,1.712448,47.7110064,6.2,0,0.05,0.02183067,0.02183067,0.02183067,0
9/6/2010,0.021515973,0.021515973,1.712448,47.4396408,6.2,0,0.05,0.021515973,0.021515973,0.021515973,0
9/7/2010,0.021230258,0.021230258,1.712448,47.0202576,6.2,0,0.05,0.021230258,0.021230258,0.021230258,0
9/8/2010,0.021001844,0.021001844,1.712448,46.9092444,6.2,0,0.05,0.021001844,0.021001844,0.021001844,0
9/9/2010,0.021032576,0.021032576,1.712448,46.6995528,6.2,0,0.05,0.021032576,0.021032576,0.021032576,0
9/10/2010,0.020782606,0.020782606,1.712448,46.6132092,6.2,0,0.05,0.020782606,0.020782606,0.020782606,0
9/11/2010,0.020646079,0.020646079,1.712448,46.5392004,6.2,0,0.05,0.020646079,0.020646079,0.020646079,0
9/12/2010,0.020458813,0.020458813,1.712448,46.3911828,6.2,0,0.05,0.020458813,0.020458813,0.020458813,0
9/13/2010,0.020255018,0.020255018,1.712448,46.1074824,6.2,0,0.05,0.020255018,0.020255018,0.020255018,0
9/14/2010,0.020067214,0.020067214,1.712448,46.2184956,6.2,0,0.05,0.020067214,0.020067214,0.020067214,0
9/15/2010,0.019898938,0.019898938,1.712448,46.2678348,6.2,0,0.05,0.019898938,0.019898938,0.019898938,0
9/16/2010,0.019734821,0.019734821,1.712448,46.0581432,6.2,0,0.05,0.019734821,0.019734821,0.019734821,0
9/17/2010,0.019567322,0.019567322,1.712448,45.8114472,6.2,0,0.05,0.019567322,0.019567322,0.019567322,0
9/18/2010,0.01940416,0.01940416,1.712448,45.6017556,6.2,0,0.05,0.01940416,0.01940416,0.01940416,0
9/19/2010,0.01925557,0.01925557,1.712448,45.3550596,6.2,0,0.05,0.01925557,0.01925557,0.01925557,0
9/20/2010,0.019132098,0.019132098,1.712448,45.4784076,6.2,0,0.05,0.019132098,0.019132098,0.019132098,0
9/21/2010,0.019025798,0.019025798,1.712448,45.6264252,6.2,0,0.05,0.019025798,0.019025798,0.019025798,0
9/22/2010,0.018921379,0.018921379,1.712448,45.7744428,6.2,0,0.05,0.018921379,0.018921379,0.018921379,0
9/23/2010,0.018838369,0.018838369,1.712448,45.9101256,6.2,0,0.05,0.018838369,0.018838369,0.018838369,0
9/24/2010,0.018753262,0.018753262,1.712448,46.0581432,6.2,0,0.05,0.018753262,0.018753262,0.018753262,0
9/25/2010,0.018633066,0.018633066,1.712448,46.193826,6.2,0,0.05,0.018633066,0.018633066,0.018633066,0
9/26/2010,0.018487485,0.018487485,1.712448,46.3295088,6.2,0,0.05,0.018487485,0.018487485,0.018487485,0
9/27/2010,0.018333724,0.018333724,1.712448,46.4651916,6.2,0,0.05,0.018333724,0.018333724,0.018333724,0
9/28/2010,0.018181418,0.018181418,1.712448,46.5885396,6.2,0,0.05,0.018181418,0.018181418,0.018181418,0
9/29/2010,0.018031327,0.018031327,1.712448,46.7118876,6.2,0,0.05,0.018031327,0.018031327,0.018031327,0
9/30/2010,0.017890925,0.017890925,1.712448,46.8352356,6.2,0,0.05,0.017890925,0.017890925,0.017890925,0
